Age,Sex,Job,Housing,"Saving accounts","Checking account","Credit amount",Duration,Purpose
67,Male,Skilled,OWN,NA,little,1169,6,RADIO/TV
22,Female,Skilled,OWN,little,moderate,5951,48,RADIO/TV
49,Male,"Unskilled and Resident",OWN,little,NA,2096,12,EDUCATION
45,Male,Skilled,FREE,little,little,7882,42,FURNITURE/EQUIPMENT
53,Male,Skilled,FREE,little,little,4870,24,CAR
35,Male,"Unskilled and Resident",FREE,NA,NA,9055,36,EDUCATION
53,Male,Skilled,OWN,"quite rich",NA,2835,24,FURNITURE/EQUIPMENT
35,Male,"Highly skilled",RENT,little,moderate,6948,36,CAR
61,Male,"Unskilled and Resident",OWN,rich,NA,3059,12,RADIO/TV
28,Male,"Highly skilled",OWN,little,moderate,5234,30,CAR
25,Female,Skilled,RENT,little,moderate,1295,12,CAR
24,Female,Skilled,RENT,little,little,4308,48,BUSINESS
22,Female,Skilled,OWN,little,moderate,1567,12,RADIO/TV
60,Male,"Unskilled and Resident",OWN,little,little,1199,24,CAR
28,Female,Skilled,RENT,little,little,1403,15,CAR
32,Female,"Unskilled and Resident",OWN,moderate,little,1282,24,RADIO/TV
53,Male,Skilled,OWN,NA,NA,2424,24,RADIO/TV
25,Male,Skilled,OWN,NA,little,8072,30,BUSINESS
44,Female,"Highly skilled",FREE,little,moderate,12579,24,CAR
31,Male,Skilled,OWN,"quite rich",NA,3430,24,RADIO/TV
48,Male,Skilled,OWN,little,NA,2134,9,CAR
44,Male,Skilled,RENT,"quite rich",little,2647,6,RADIO/TV
48,Male,"Unskilled and Resident",RENT,little,little,2241,10,CAR
44,Male,Skilled,OWN,moderate,moderate,1804,12,CAR
26,Male,Skilled,OWN,NA,NA,2069,10,FURNITURE/EQUIPMENT
36,Male,"Unskilled and Resident",OWN,little,little,1374,6,FURNITURE/EQUIPMENT
39,Male,"Unskilled and Resident",OWN,little,NA,426,6,RADIO/TV
42,Female,Skilled,RENT,rich,rich,409,12,RADIO/TV
34,Male,Skilled,OWN,little,moderate,2415,7,RADIO/TV
63,Male,Skilled,OWN,little,little,6836,60,BUSINESS
36,Male,Skilled,OWN,rich,moderate,1913,18,BUSINESS
27,Male,Skilled,OWN,little,little,4020,24,FURNITURE/EQUIPMENT
30,Male,Skilled,OWN,moderate,moderate,5866,18,CAR
57,Male,"Unskilled and Resident",RENT,NA,NA,1264,12,BUSINESS
33,Female,"Highly skilled",OWN,little,rich,1474,12,FURNITURE/EQUIPMENT
25,Male,"Unskilled and Resident",OWN,little,moderate,4746,45,RADIO/TV
31,Male,Skilled,FREE,little,NA,6110,48,EDUCATION
37,Male,Skilled,OWN,little,rich,2100,18,RADIO/TV
37,Male,Skilled,OWN,little,rich,1225,10,"DOMESTIC APPLIANCES"
24,Male,Skilled,OWN,little,moderate,458,9,RADIO/TV
30,Male,"Highly skilled",OWN,"quite rich",NA,2333,30,RADIO/TV
26,Male,Skilled,OWN,"quite rich",moderate,1158,12,RADIO/TV
44,Male,"Unskilled and Resident",OWN,little,moderate,6204,18,REPAIRS
24,Male,Skilled,RENT,moderate,little,6187,30,CAR
58,Female,"Unskilled and Resident",FREE,little,little,6143,48,CAR
35,Female,"Highly skilled",OWN,little,NA,1393,11,CAR
39,Male,Skilled,OWN,"quite rich",NA,2299,36,RADIO/TV
23,Female,"Unskilled and Non-resident",RENT,"quite rich",little,1352,6,CAR
39,Male,"Unskilled and Resident",OWN,little,NA,7228,11,CAR
28,Female,Skilled,OWN,moderate,NA,2073,12,RADIO/TV
29,Male,"Unskilled and Resident",OWN,NA,moderate,2333,24,FURNITURE/EQUIPMENT
30,Male,"Highly skilled",OWN,little,moderate,5965,27,CAR
25,Male,Skilled,OWN,little,NA,1262,12,RADIO/TV
31,Male,Skilled,OWN,NA,NA,3378,18,CAR
57,Male,Skilled,FREE,little,moderate,2225,36,CAR
26,Male,"Unskilled and Resident",OWN,NA,NA,783,6,CAR
52,Male,"Highly skilled",OWN,NA,moderate,6468,12,RADIO/TV
31,Female,Skilled,OWN,little,NA,9566,36,RADIO/TV
23,Female,"Highly skilled",OWN,little,rich,1961,18,CAR
23,Female,"Unskilled and Resident",RENT,little,little,6229,36,FURNITURE/EQUIPMENT
27,Male,Skilled,OWN,little,moderate,1391,9,BUSINESS
50,Male,Skilled,OWN,NA,moderate,1537,15,RADIO/TV
61,Male,"Highly skilled",FREE,little,moderate,1953,36,BUSINESS
25,Male,Skilled,OWN,little,moderate,14421,48,BUSINESS
26,Female,Skilled,OWN,little,NA,3181,24,RADIO/TV
48,Male,Skilled,OWN,NA,NA,5190,27,REPAIRS
29,Female,Skilled,OWN,little,NA,2171,12,RADIO/TV
22,Male,Skilled,OWN,rich,moderate,1007,12,CAR
37,Male,Skilled,FREE,little,NA,1819,36,EDUCATION
25,Female,Skilled,OWN,NA,NA,2394,36,RADIO/TV
30,Female,Skilled,OWN,little,NA,8133,36,CAR
46,Male,"Unskilled and Resident",RENT,NA,NA,730,7,RADIO/TV
51,Male,"Highly skilled",FREE,little,little,1164,8,VACATION/OTHERS
41,Female,"Unskilled and Resident",OWN,little,moderate,5954,42,BUSINESS
40,Male,"Highly skilled",OWN,NA,little,1977,36,EDUCATION
66,Male,"Highly skilled",FREE,little,little,1526,12,CAR
34,Male,Skilled,OWN,little,little,3965,42,RADIO/TV
51,Male,Skilled,OWN,little,moderate,4771,11,RADIO/TV
39,Male,"Unskilled and Resident",OWN,NA,NA,9436,54,CAR
22,Male,Skilled,OWN,little,moderate,3832,30,FURNITURE/EQUIPMENT
44,Female,Skilled,OWN,NA,NA,5943,24,RADIO/TV
47,Male,Skilled,OWN,"quite rich",NA,1213,15,RADIO/TV
24,Female,"Unskilled and Resident",RENT,moderate,NA,1568,18,BUSINESS
58,Female,"Unskilled and Resident",OWN,little,little,1755,24,VACATION/OTHERS
52,Male,"Unskilled and Resident",OWN,little,little,2315,10,RADIO/TV
29,Female,"Highly skilled",OWN,little,NA,1412,12,BUSINESS
27,Female,Skilled,OWN,little,moderate,1295,18,FURNITURE/EQUIPMENT
47,Male,Skilled,FREE,moderate,moderate,12612,36,EDUCATION
30,Male,"Highly skilled",OWN,moderate,little,2249,18,CAR
28,Male,Skilled,OWN,little,little,1108,12,REPAIRS
56,Male,Skilled,OWN,little,NA,618,12,RADIO/TV
54,Male,Skilled,OWN,little,little,1409,12,CAR
33,Female,"Unskilled and Resident",OWN,NA,NA,797,12,RADIO/TV
20,Male,Skilled,RENT,NA,rich,3617,24,FURNITURE/EQUIPMENT
54,Male,Skilled,OWN,rich,moderate,1318,12,CAR
58,Male,Skilled,RENT,little,moderate,15945,54,BUSINESS
61,Female,Skilled,OWN,NA,NA,2012,12,EDUCATION
34,Male,Skilled,OWN,moderate,moderate,2622,18,BUSINESS
36,Male,Skilled,OWN,little,moderate,2337,36,RADIO/TV
36,Male,"Highly skilled",RENT,NA,moderate,7057,20,CAR
41,Male,"Unskilled and Resident",RENT,moderate,NA,1469,24,CAR
24,Male,Skilled,RENT,little,moderate,2323,36,RADIO/TV
24,Female,Skilled,OWN,little,NA,932,6,RADIO/TV
35,Male,Skilled,RENT,little,moderate,1919,9,FURNITURE/EQUIPMENT
26,Male,Skilled,RENT,NA,NA,2445,12,CAR
39,Male,"Highly skilled",OWN,little,moderate,11938,24,VACATION/OTHERS
39,Male,"Highly skilled",OWN,little,NA,6458,18,CAR
32,Male,Skilled,OWN,little,moderate,6078,12,CAR
30,Female,Skilled,OWN,NA,little,7721,24,FURNITURE/EQUIPMENT
35,Male,Skilled,OWN,"quite rich",moderate,1410,14,BUSINESS
31,Male,Skilled,OWN,moderate,moderate,1449,6,BUSINESS
23,Female,Skilled,RENT,little,rich,392,15,EDUCATION
28,Male,"Unskilled and Resident",RENT,little,moderate,6260,18,CAR
25,Female,Skilled,OWN,little,NA,7855,36,CAR
35,Male,Skilled,OWN,"quite rich",little,1680,12,RADIO/TV
47,Male,Skilled,OWN,NA,NA,3578,48,RADIO/TV
30,Female,"Highly skilled",OWN,NA,little,7174,42,RADIO/TV
27,Female,Skilled,RENT,NA,little,2132,10,FURNITURE/EQUIPMENT
23,Female,Skilled,OWN,"quite rich",little,4281,33,FURNITURE/EQUIPMENT
36,Male,"Highly skilled",OWN,"quite rich",moderate,2366,12,CAR
25,Female,Skilled,OWN,little,little,1835,21,RADIO/TV
41,Female,"Highly skilled",RENT,little,NA,3868,24,CAR
24,Male,"Unskilled and Resident",RENT,little,NA,1768,12,FURNITURE/EQUIPMENT
63,Male,Skilled,FREE,little,rich,781,10,CAR
27,Female,Skilled,RENT,NA,moderate,1924,18,FURNITURE/EQUIPMENT
30,Male,Skilled,OWN,little,little,2121,12,CAR
40,Male,"Unskilled and Resident",OWN,little,little,701,12,RADIO/TV
30,Male,Skilled,OWN,little,moderate,639,12,REPAIRS
34,Male,"Highly skilled",OWN,little,moderate,1860,12,CAR
29,Female,Skilled,OWN,little,little,3499,12,CAR
24,Female,Skilled,OWN,NA,moderate,8487,48,CAR
29,Male,Skilled,OWN,little,little,6887,36,EDUCATION
27,Male,"Unskilled and Resident",OWN,little,NA,2708,15,FURNITURE/EQUIPMENT
47,Male,Skilled,FREE,little,NA,1984,18,FURNITURE/EQUIPMENT
21,Female,Skilled,OWN,moderate,NA,10144,60,RADIO/TV
38,Female,Skilled,OWN,NA,NA,1240,12,RADIO/TV
27,Male,Skilled,OWN,rich,NA,8613,27,CAR
66,Male,"Unskilled and Resident",OWN,"quite rich",moderate,766,12,RADIO/TV
35,Male,Skilled,OWN,NA,moderate,2728,15,RADIO/TV
44,Female,"Unskilled and Resident",RENT,little,rich,1881,12,RADIO/TV
27,Male,"Unskilled and Non-resident",OWN,rich,rich,709,6,CAR
30,Female,"Highly skilled",OWN,little,moderate,4795,36,RADIO/TV
27,Male,"Highly skilled",OWN,little,little,3416,27,RADIO/TV
22,Male,Skilled,OWN,little,little,2462,18,FURNITURE/EQUIPMENT
23,Female,Skilled,OWN,little,NA,2288,21,FURNITURE/EQUIPMENT
30,Male,Skilled,OWN,moderate,moderate,3566,48,BUSINESS
39,Female,Skilled,OWN,little,little,860,6,CAR
51,Female,Skilled,OWN,moderate,NA,682,12,CAR
28,Male,Skilled,OWN,little,little,5371,36,FURNITURE/EQUIPMENT
46,Male,Skilled,OWN,rich,NA,1582,18,RADIO/TV
42,Male,Skilled,FREE,moderate,NA,1346,6,RADIO/TV
38,Male,Skilled,OWN,little,NA,1924,10,RADIO/TV
24,Male,Skilled,OWN,little,rich,5848,36,RADIO/TV
29,Female,Skilled,RENT,rich,moderate,7758,24,CAR
36,Male,"Highly skilled",RENT,moderate,moderate,6967,24,BUSINESS
20,Female,Skilled,RENT,little,little,1282,12,FURNITURE/EQUIPMENT
48,Male,Skilled,OWN,moderate,little,1288,9,REPAIRS
45,Male,"Unskilled and Resident",OWN,little,little,339,12,EDUCATION
38,Male,Skilled,OWN,moderate,moderate,3512,24,CAR
34,Male,"Unskilled and Resident",OWN,NA,NA,1898,6,RADIO/TV
36,Male,Skilled,OWN,moderate,NA,2872,24,RADIO/TV
30,Female,Skilled,OWN,little,NA,1055,18,CAR
36,Male,Skilled,OWN,"quite rich",NA,1262,15,"DOMESTIC APPLIANCES"
70,Male,"Highly skilled",FREE,little,moderate,7308,10,CAR
36,Male,Skilled,OWN,"quite rich",NA,909,36,CAR
32,Male,Skilled,OWN,"quite rich",NA,2978,6,FURNITURE/EQUIPMENT
33,Female,Skilled,OWN,little,little,1131,18,FURNITURE/EQUIPMENT
20,Female,Skilled,OWN,rich,moderate,1577,11,FURNITURE/EQUIPMENT
25,Female,Skilled,RENT,little,NA,3972,24,FURNITURE/EQUIPMENT
31,Male,Skilled,OWN,little,moderate,1935,24,BUSINESS
33,Male,Skilled,RENT,little,little,950,15,CAR
26,Female,Skilled,OWN,little,NA,763,12,FURNITURE/EQUIPMENT
34,Female,"Highly skilled",OWN,little,moderate,2064,24,FURNITURE/EQUIPMENT
33,Male,Skilled,OWN,little,moderate,1414,8,RADIO/TV
26,Male,Skilled,OWN,little,little,3414,21,EDUCATION
53,Female,"Highly skilled",OWN,NA,NA,7485,30,CAR
42,Male,Skilled,OWN,little,little,2577,12,FURNITURE/EQUIPMENT
52,Male,Skilled,OWN,"quite rich",little,338,6,RADIO/TV
31,Male,"Highly skilled",RENT,little,NA,1963,12,RADIO/TV
65,Male,Skilled,OWN,little,little,571,21,CAR
28,Male,Skilled,OWN,little,NA,9572,36,BUSINESS
30,Male,"Highly skilled",OWN,little,moderate,4455,36,BUSINESS
40,Male,"Unskilled and Resident",OWN,NA,little,1647,21,CAR
50,Male,Skilled,OWN,rich,NA,3777,24,FURNITURE/EQUIPMENT
36,Male,Skilled,OWN,little,moderate,884,18,CAR
31,Male,Skilled,OWN,little,NA,1360,15,RADIO/TV
74,Female,"Highly skilled",FREE,little,moderate,5129,9,CAR
68,Male,"Unskilled and Non-resident",FREE,little,moderate,1175,16,CAR
20,Male,Skilled,OWN,moderate,little,674,12,RADIO/TV
33,Female,Skilled,OWN,little,moderate,3244,18,FURNITURE/EQUIPMENT
54,Male,"Highly skilled",OWN,rich,NA,4591,24,BUSINESS
34,Male,"Unskilled and Resident",FREE,moderate,moderate,3844,48,BUSINESS
36,Male,Skilled,OWN,little,moderate,3915,27,BUSINESS
29,Male,Skilled,RENT,little,NA,2108,6,RADIO/TV
21,Male,Skilled,RENT,moderate,moderate,3031,45,RADIO/TV
34,Female,"Highly skilled",OWN,little,moderate,1501,9,EDUCATION
28,Female,Skilled,OWN,little,NA,1382,6,RADIO/TV
27,Female,Skilled,RENT,moderate,moderate,951,12,FURNITURE/EQUIPMENT
36,Male,Skilled,FREE,NA,moderate,2760,24,CAR
40,Male,"Highly skilled",OWN,little,moderate,4297,18,FURNITURE/EQUIPMENT
52,Male,Skilled,OWN,"quite rich",NA,936,9,EDUCATION
27,Male,"Unskilled and Resident",OWN,little,little,1168,12,CAR
26,Male,Skilled,OWN,little,NA,5117,27,BUSINESS
21,Male,Skilled,RENT,little,little,902,12,EDUCATION
38,Male,"Unskilled and Resident",OWN,little,NA,1495,12,CAR
38,Male,"Highly skilled",FREE,little,little,10623,30,CAR
43,Male,Skilled,OWN,little,NA,1935,12,FURNITURE/EQUIPMENT
26,Male,Skilled,OWN,little,moderate,1424,12,"DOMESTIC APPLIANCES"
21,Male,"Unskilled and Resident",OWN,little,little,6568,24,BUSINESS
55,Male,Skilled,OWN,rich,NA,1413,12,CAR
33,Male,Skilled,OWN,NA,NA,3074,9,RADIO/TV
45,Female,"Unskilled and Resident",OWN,NA,NA,3835,36,RADIO/TV
50,Male,Skilled,OWN,little,little,5293,27,BUSINESS
66,Male,"Highly skilled",OWN,little,rich,1908,30,BUSINESS
51,Male,Skilled,OWN,NA,NA,3342,36,RADIO/TV
39,Female,"Unskilled and Resident",OWN,NA,moderate,932,6,EDUCATION
31,Male,Skilled,OWN,little,little,3104,18,BUSINESS
23,Male,Skilled,OWN,little,rich,3913,36,RADIO/TV
24,Male,"Unskilled and Resident",RENT,little,little,3021,24,FURNITURE/EQUIPMENT
64,Female,Skilled,OWN,little,NA,1364,10,CAR
26,Male,"Unskilled and Resident",OWN,little,moderate,625,12,RADIO/TV
23,Female,Skilled,RENT,NA,little,1200,12,EDUCATION
30,Male,Skilled,OWN,little,NA,707,12,RADIO/TV
32,Male,Skilled,OWN,NA,NA,2978,24,BUSINESS
30,Male,Skilled,OWN,little,NA,4657,15,CAR
27,Male,Skilled,OWN,little,NA,2613,36,REPAIRS
27,Male,Skilled,OWN,rich,moderate,10961,48,RADIO/TV
53,Male,"Highly skilled",FREE,little,little,7865,12,FURNITURE/EQUIPMENT
22,Male,Skilled,OWN,little,NA,1478,9,RADIO/TV
22,Male,Skilled,FREE,little,little,3149,24,FURNITURE/EQUIPMENT
26,Male,Skilled,OWN,little,rich,4210,36,RADIO/TV
51,Male,"Unskilled and Resident",FREE,"quite rich",NA,2507,9,CAR
35,Male,Skilled,OWN,moderate,NA,2141,12,RADIO/TV
25,Male,"Unskilled and Resident",OWN,little,moderate,866,18,RADIO/TV
42,Male,"Unskilled and Resident",OWN,little,NA,1544,4,RADIO/TV
30,Male,"Highly skilled",OWN,little,little,1823,24,RADIO/TV
23,Male,"Unskilled and Non-resident",OWN,NA,moderate,14555,6,CAR
61,Male,"Unskilled and Resident",RENT,moderate,moderate,2767,21,BUSINESS
35,Female,Skilled,OWN,little,NA,1291,12,RADIO/TV
39,Male,Skilled,OWN,little,little,2522,30,RADIO/TV
29,Female,Skilled,OWN,NA,little,915,24,CAR
51,Male,Skilled,OWN,little,NA,1595,6,RADIO/TV
24,Male,Skilled,FREE,little,little,4605,48,CAR
27,Female,Skilled,OWN,little,NA,1185,12,BUSINESS
35,Female,"Unskilled and Resident",OWN,"quite rich",NA,3447,12,EDUCATION
25,Male,Skilled,OWN,little,NA,1258,24,BUSINESS
52,Male,Skilled,OWN,little,NA,717,12,RADIO/TV
35,Male,Skilled,RENT,moderate,NA,1204,6,CAR
26,Male,Skilled,OWN,little,rich,1925,24,FURNITURE/EQUIPMENT
22,Female,Skilled,RENT,little,NA,433,18,RADIO/TV
39,Female,"Unskilled and Resident",OWN,rich,little,666,6,CAR
46,Female,"Unskilled and Resident",OWN,little,rich,2251,12,FURNITURE/EQUIPMENT
24,Female,Skilled,OWN,little,moderate,2150,30,CAR
35,Male,Skilled,OWN,moderate,NA,4151,24,FURNITURE/EQUIPMENT
24,Male,Skilled,OWN,NA,moderate,2030,9,FURNITURE/EQUIPMENT
27,Male,"Unskilled and Resident",OWN,NA,moderate,7418,60,RADIO/TV
35,Male,"Unskilled and Resident",OWN,little,NA,2684,24,RADIO/TV
29,Male,Skilled,FREE,little,little,2149,12,RADIO/TV
23,Female,Skilled,OWN,moderate,NA,3812,15,CAR
57,Female,"Unskilled and Resident",OWN,moderate,NA,1154,11,RADIO/TV
27,Male,Skilled,OWN,little,little,1657,12,FURNITURE/EQUIPMENT
55,Female,Skilled,OWN,little,little,1603,24,RADIO/TV
36,Male,"Highly skilled",FREE,little,little,5302,18,CAR
57,Female,"Unskilled and Resident",FREE,little,NA,2748,12,EDUCATION
32,Male,"Unskilled and Resident",OWN,little,NA,1231,10,CAR
37,Male,Skilled,OWN,little,moderate,802,15,RADIO/TV
36,Male,Skilled,OWN,NA,NA,6304,36,BUSINESS
38,Female,Skilled,OWN,little,NA,1533,24,RADIO/TV
45,Male,"Highly skilled",OWN,little,little,8978,14,CAR
25,Male,Skilled,OWN,NA,NA,999,24,RADIO/TV
32,Male,Skilled,OWN,NA,NA,2662,18,CAR
37,Female,Skilled,RENT,"quite rich",NA,1402,12,FURNITURE/EQUIPMENT
36,Male,"Highly skilled",FREE,NA,moderate,12169,48,CAR
28,Male,Skilled,OWN,little,moderate,3060,48,RADIO/TV
34,Male,"Unskilled and Resident",OWN,little,little,11998,30,REPAIRS
32,Male,Skilled,OWN,little,NA,2697,9,RADIO/TV
26,Female,Skilled,OWN,little,NA,2404,18,RADIO/TV
49,Male,"Unskilled and Resident",OWN,NA,little,1262,12,FURNITURE/EQUIPMENT
32,Female,Skilled,OWN,little,NA,4611,6,FURNITURE/EQUIPMENT
29,Male,"Highly skilled",RENT,moderate,NA,1901,24,RADIO/TV
23,Male,Skilled,RENT,rich,NA,3368,15,CAR
50,Male,Skilled,OWN,little,NA,1574,12,FURNITURE/EQUIPMENT
49,Male,"Unskilled and Resident",OWN,NA,rich,1445,18,RADIO/TV
63,Male,Skilled,OWN,NA,NA,1520,15,FURNITURE/EQUIPMENT
37,Male,Skilled,OWN,moderate,moderate,3878,24,CAR
35,Female,"Unskilled and Resident",OWN,little,little,10722,47,CAR
26,Male,Skilled,OWN,little,little,4788,48,CAR
31,Male,"Highly skilled",FREE,moderate,moderate,7582,48,VACATION/OTHERS
49,Female,Skilled,OWN,little,moderate,1092,12,RADIO/TV
48,Male,Skilled,OWN,little,little,1024,24,RADIO/TV
26,Male,Skilled,OWN,little,NA,1076,12,BUSINESS
28,Male,"Highly skilled",RENT,little,moderate,9398,36,CAR
44,Female,"Highly skilled",FREE,little,little,6419,24,CAR
56,Male,Skilled,FREE,little,rich,4796,42,CAR
46,Male,"Highly skilled",OWN,NA,NA,7629,48,BUSINESS
26,Female,Skilled,OWN,little,moderate,9960,48,FURNITURE/EQUIPMENT
20,Female,Skilled,RENT,NA,NA,4675,12,CAR
45,Male,"Unskilled and Resident",OWN,NA,NA,1287,10,CAR
43,Male,Skilled,OWN,little,NA,2515,18,FURNITURE/EQUIPMENT
32,Male,Skilled,OWN,rich,moderate,2745,21,FURNITURE/EQUIPMENT
54,Female,"Unskilled and Non-resident",OWN,little,NA,672,6,CAR
42,Female,Skilled,OWN,little,moderate,3804,36,RADIO/TV
37,Male,"Unskilled and Resident",OWN,NA,rich,1344,24,CAR
49,Male,Skilled,OWN,little,little,1038,10,CAR
44,Male,Skilled,FREE,"quite rich",NA,10127,48,CAR
33,Male,Skilled,OWN,rich,NA,1543,6,FURNITURE/EQUIPMENT
24,Female,"Unskilled and Resident",RENT,NA,NA,4811,30,CAR
33,Male,"Unskilled and Resident",OWN,moderate,little,727,12,RADIO/TV
24,Female,Skilled,OWN,little,moderate,1237,8,FURNITURE/EQUIPMENT
22,Male,"Unskilled and Resident",RENT,little,moderate,276,9,CAR
40,Male,"Unskilled and Non-resident",FREE,NA,moderate,5381,48,VACATION/OTHERS
25,Male,Skilled,OWN,moderate,NA,5511,24,FURNITURE/EQUIPMENT
26,Female,Skilled,OWN,little,rich,3749,24,FURNITURE/EQUIPMENT
25,Male,"Unskilled and Resident",OWN,little,moderate,685,12,CAR
29,Male,"Unskilled and Resident",OWN,NA,rich,1494,4,CAR
31,Male,Skilled,OWN,little,little,2746,36,FURNITURE/EQUIPMENT
38,Male,"Unskilled and Resident",OWN,little,little,708,12,FURNITURE/EQUIPMENT
48,Female,"Unskilled and Resident",OWN,NA,moderate,4351,24,FURNITURE/EQUIPMENT
32,Male,Skilled,OWN,little,NA,701,12,EDUCATION
27,Female,"Unskilled and Resident",OWN,little,little,3643,15,FURNITURE/EQUIPMENT
28,Male,"Highly skilled",OWN,little,moderate,4249,30,CAR
32,Male,Skilled,OWN,little,little,1938,24,RADIO/TV
34,Male,"Highly skilled",FREE,little,little,2910,24,CAR
28,Male,Skilled,OWN,rich,little,2659,18,FURNITURE/EQUIPMENT
36,Female,Skilled,OWN,little,NA,1028,18,CAR
39,Male,"Unskilled and Resident",OWN,little,little,3398,8,CAR
49,Male,Skilled,RENT,NA,NA,5801,12,FURNITURE/EQUIPMENT
34,Female,Skilled,OWN,rich,NA,1525,24,CAR
31,Male,Skilled,OWN,little,rich,4473,36,RADIO/TV
28,Male,Skilled,OWN,little,moderate,1068,6,RADIO/TV
75,Male,"Highly skilled",FREE,little,little,6615,24,CAR
30,Female,Skilled,OWN,moderate,NA,1864,18,EDUCATION
24,Female,"Highly skilled",OWN,moderate,moderate,7408,60,CAR
24,Female,"Unskilled and Resident",RENT,moderate,NA,11590,48,CAR
23,Male,Skilled,RENT,little,little,4110,24,FURNITURE/EQUIPMENT
44,Male,"Highly skilled",RENT,little,little,3384,6,FURNITURE/EQUIPMENT
23,Female,"Unskilled and Resident",OWN,little,moderate,2101,13,RADIO/TV
24,Female,Skilled,RENT,NA,little,1275,15,"DOMESTIC APPLIANCES"
28,Male,Skilled,OWN,little,little,4169,24,FURNITURE/EQUIPMENT
31,Male,"Unskilled and Resident",OWN,little,moderate,1521,10,FURNITURE/EQUIPMENT
24,Female,Skilled,FREE,little,moderate,5743,24,EDUCATION
26,Female,"Unskilled and Resident",RENT,little,little,3599,21,FURNITURE/EQUIPMENT
25,Male,Skilled,RENT,"quite rich",moderate,3213,18,RADIO/TV
33,Male,"Highly skilled",OWN,little,moderate,4439,18,BUSINESS
37,Male,"Unskilled and Resident",OWN,little,rich,3949,10,CAR
43,Female,"Unskilled and Resident",OWN,little,NA,1459,15,RADIO/TV
23,Male,Skilled,OWN,little,moderate,882,13,RADIO/TV
23,Female,"Unskilled and Non-resident",RENT,"quite rich",moderate,3758,24,RADIO/TV
34,Male,"Unskilled and Resident",OWN,moderate,NA,1743,6,BUSINESS
32,Male,Skilled,FREE,rich,moderate,1136,9,EDUCATION
23,Female,Skilled,RENT,little,NA,1236,9,"DOMESTIC APPLIANCES"
29,Female,Skilled,OWN,little,moderate,959,9,FURNITURE/EQUIPMENT
38,Male,"Highly skilled",OWN,NA,NA,3229,18,CAR
28,Male,Skilled,RENT,little,little,6199,12,RADIO/TV
46,Male,Skilled,FREE,"quite rich",NA,727,10,EDUCATION
23,Male,"Unskilled and Resident",OWN,little,moderate,1246,24,CAR
49,Male,Skilled,OWN,NA,NA,2331,12,RADIO/TV
26,Male,"Highly skilled",OWN,little,NA,4463,36,RADIO/TV
28,Male,Skilled,OWN,little,NA,776,12,RADIO/TV
23,Female,Skilled,RENT,little,little,2406,30,FURNITURE/EQUIPMENT
61,Male,Skilled,FREE,NA,moderate,1239,18,EDUCATION
37,Male,"Highly skilled",OWN,NA,rich,3399,12,RADIO/TV
36,Female,Skilled,OWN,little,rich,2247,12,CAR
21,Male,Skilled,RENT,little,NA,1766,6,FURNITURE/EQUIPMENT
25,Male,"Unskilled and Non-resident",OWN,little,little,2473,18,FURNITURE/EQUIPMENT
36,Male,Skilled,OWN,little,NA,1542,12,BUSINESS
27,Male,Skilled,OWN,little,NA,3850,18,CAR
22,Female,Skilled,RENT,little,little,3650,18,FURNITURE/EQUIPMENT
42,Male,Skilled,OWN,little,little,3446,36,FURNITURE/EQUIPMENT
40,Female,Skilled,RENT,little,moderate,3001,18,FURNITURE/EQUIPMENT
36,Male,Skilled,OWN,NA,NA,3079,36,CAR
33,Male,Skilled,OWN,little,NA,6070,18,RADIO/TV
23,Female,Skilled,RENT,little,NA,2146,10,FURNITURE/EQUIPMENT
63,Male,"Highly skilled",FREE,NA,NA,13756,60,CAR
60,Female,"Highly skilled",FREE,moderate,moderate,14782,60,VACATION/OTHERS
37,Female,Skilled,RENT,little,little,7685,48,BUSINESS
34,Male,Skilled,OWN,little,NA,2320,18,RADIO/TV
36,Male,Skilled,FREE,NA,NA,846,7,RADIO/TV
57,Male,"Highly skilled",FREE,little,moderate,14318,36,CAR
52,Female,"Unskilled and Resident",OWN,moderate,NA,362,6,CAR
39,Male,Skilled,OWN,NA,little,2212,20,FURNITURE/EQUIPMENT
38,Female,"Highly skilled",FREE,little,moderate,12976,18,CAR
25,Female,Skilled,RENT,NA,NA,1283,22,CAR
26,Male,Skilled,OWN,little,rich,1330,12,CAR
26,Male,"Unskilled and Resident",OWN,moderate,NA,4272,30,BUSINESS
25,Female,Skilled,OWN,little,NA,2238,18,RADIO/TV
21,Female,Skilled,RENT,NA,NA,1126,18,RADIO/TV
40,Male,"Highly skilled",OWN,little,moderate,7374,18,FURNITURE/EQUIPMENT
27,Male,Skilled,OWN,"quite rich",moderate,2326,15,BUSINESS
27,Female,Skilled,OWN,little,NA,1449,9,BUSINESS
30,Male,"Highly skilled",OWN,little,NA,1820,18,CAR
19,Female,"Unskilled and Resident",RENT,rich,moderate,983,12,FURNITURE/EQUIPMENT
39,Male,"Highly skilled",FREE,little,little,3249,36,CAR
31,Female,Skilled,OWN,little,little,1957,6,RADIO/TV
31,Male,"Highly skilled",OWN,little,NA,2406,9,FURNITURE/EQUIPMENT
32,Male,Skilled,RENT,moderate,moderate,11760,39,EDUCATION
55,Female,"Highly skilled",FREE,little,little,2578,12,FURNITURE/EQUIPMENT
46,Male,Skilled,OWN,little,little,2348,36,FURNITURE/EQUIPMENT
46,Male,Skilled,RENT,little,moderate,1223,12,CAR
43,Female,"Unskilled and Resident",OWN,rich,NA,1516,24,RADIO/TV
39,Male,Skilled,OWN,little,NA,1473,18,RADIO/TV
28,Male,Skilled,OWN,NA,moderate,1887,18,BUSINESS
27,Male,Skilled,OWN,little,NA,8648,24,BUSINESS
27,Male,"Unskilled and Resident",OWN,little,NA,802,14,CAR
43,Male,Skilled,OWN,NA,moderate,2899,18,CAR
22,Male,Skilled,OWN,little,moderate,2039,24,RADIO/TV
43,Male,Skilled,OWN,NA,NA,2197,24,CAR
27,Male,Skilled,OWN,little,little,1053,15,RADIO/TV
26,Male,"Highly skilled",OWN,"quite rich",NA,3235,24,RADIO/TV
28,Male,Skilled,OWN,"quite rich",rich,939,12,CAR
20,Female,Skilled,OWN,little,moderate,1967,24,RADIO/TV
35,Male,"Highly skilled",OWN,little,NA,7253,33,CAR
42,Male,"Highly skilled",OWN,little,NA,2292,12,BUSINESS
40,Male,"Unskilled and Resident",RENT,"quite rich",NA,1597,10,CAR
35,Female,Skilled,OWN,NA,little,1381,24,CAR
35,Male,Skilled,OWN,little,NA,5842,36,CAR
33,Male,"Unskilled and Resident",OWN,little,little,2579,12,CAR
23,Female,Skilled,RENT,NA,little,8471,18,EDUCATION
31,Female,"Highly skilled",OWN,"quite rich",NA,2782,21,CAR
33,Female,Skilled,OWN,NA,moderate,1042,18,CAR
20,Female,Skilled,RENT,rich,NA,3186,15,CAR
30,Male,Skilled,OWN,NA,moderate,2028,12,CAR
47,Male,"Unskilled and Resident",OWN,little,moderate,958,12,CAR
34,Male,"Highly skilled",OWN,moderate,NA,1591,21,FURNITURE/EQUIPMENT
25,Female,Skilled,OWN,NA,moderate,2762,12,FURNITURE/EQUIPMENT
21,Male,Skilled,RENT,little,moderate,2779,18,CAR
29,Male,Skilled,OWN,little,NA,2743,28,RADIO/TV
46,Male,Skilled,OWN,rich,NA,1149,18,RADIO/TV
20,Male,Skilled,OWN,little,NA,1313,9,FURNITURE/EQUIPMENT
55,Female,"Unskilled and Non-resident",FREE,little,little,1190,18,REPAIRS
74,Male,"Unskilled and Resident",OWN,little,NA,3448,5,BUSINESS
29,Male,"Highly skilled",OWN,little,moderate,11328,24,VACATION/OTHERS
36,Male,"Highly skilled",FREE,little,little,1872,6,FURNITURE/EQUIPMENT
33,Male,Skilled,OWN,little,NA,2058,24,REPAIRS
25,Male,Skilled,OWN,little,little,2136,9,FURNITURE/EQUIPMENT
25,Male,Skilled,OWN,NA,moderate,1484,12,RADIO/TV
23,Male,"Unskilled and Resident",RENT,"quite rich",NA,660,6,REPAIRS
37,Female,Skilled,OWN,rich,NA,1287,24,CAR
65,Male,"Unskilled and Non-resident",OWN,little,little,3394,42,REPAIRS
26,Female,"Unskilled and Non-resident",OWN,little,rich,609,12,BUSINESS
39,Male,"Highly skilled",OWN,little,NA,1884,12,CAR
30,Female,Skilled,OWN,little,little,1620,12,FURNITURE/EQUIPMENT
29,Male,Skilled,OWN,little,moderate,2629,20,VACATION/OTHERS
41,Male,"Unskilled and Resident",OWN,little,NA,719,12,EDUCATION
30,Female,"Highly skilled",OWN,little,moderate,5096,48,FURNITURE/EQUIPMENT
41,Female,"Unskilled and Resident",RENT,NA,NA,1244,9,EDUCATION
34,Female,Skilled,OWN,little,little,1842,36,CAR
35,Male,Skilled,OWN,little,moderate,2576,7,RADIO/TV
55,Female,"Highly skilled",OWN,NA,rich,1424,12,FURNITURE/EQUIPMENT
61,Male,Skilled,OWN,rich,moderate,1512,15,REPAIRS
30,Male,"Highly skilled",OWN,NA,NA,11054,36,CAR
29,Female,Skilled,OWN,little,NA,518,6,RADIO/TV
34,Male,Skilled,OWN,little,NA,2759,12,FURNITURE/EQUIPMENT
35,Male,"Highly skilled",OWN,little,NA,2670,24,CAR
31,Male,Skilled,OWN,little,little,4817,24,CAR
29,Female,"Highly skilled",OWN,little,NA,2679,24,CAR
36,Male,Skilled,RENT,little,little,3905,11,CAR
35,Male,Skilled,FREE,little,little,3386,12,CAR
27,Female,Skilled,OWN,little,little,343,6,"DOMESTIC APPLIANCES"
32,Male,Skilled,OWN,little,NA,4594,18,RADIO/TV
37,Male,Skilled,OWN,little,little,3620,36,FURNITURE/EQUIPMENT
36,Male,Skilled,OWN,little,little,1721,15,CAR
34,Female,"Highly skilled",RENT,little,moderate,3017,12,FURNITURE/EQUIPMENT
38,Male,Skilled,OWN,NA,moderate,754,12,EDUCATION
34,Male,Skilled,OWN,little,NA,1950,18,BUSINESS
63,Male,Skilled,OWN,little,little,2924,24,CAR
29,Female,"Unskilled and Resident",RENT,little,little,1659,24,RADIO/TV
32,Male,Skilled,OWN,NA,NA,7238,48,RADIO/TV
26,Female,Skilled,OWN,little,NA,2764,33,BUSINESS
35,Male,"Unskilled and Resident",OWN,little,NA,4679,24,CAR
22,Male,Skilled,RENT,moderate,moderate,3092,24,RADIO/TV
23,Female,Skilled,OWN,little,little,448,6,EDUCATION
28,Male,"Unskilled and Resident",OWN,little,little,654,9,CAR
36,Male,"Highly skilled",OWN,NA,NA,1238,6,EDUCATION
33,Male,Skilled,OWN,little,moderate,1245,18,RADIO/TV
26,Female,Skilled,RENT,little,little,3114,18,FURNITURE/EQUIPMENT
24,Male,Skilled,OWN,"quite rich",NA,2569,39,CAR
25,Male,Skilled,OWN,little,rich,5152,24,RADIO/TV
39,Male,"Unskilled and Resident",OWN,moderate,moderate,1037,12,BUSINESS
44,Male,Skilled,OWN,little,little,1478,15,FURNITURE/EQUIPMENT
23,Female,"Unskilled and Resident",OWN,little,moderate,3573,12,RADIO/TV
26,Male,Skilled,OWN,little,moderate,1201,24,CAR
57,Female,Skilled,RENT,rich,little,3622,30,FURNITURE/EQUIPMENT
30,Female,Skilled,OWN,rich,NA,960,15,FURNITURE/EQUIPMENT
44,Male,Skilled,OWN,"quite rich",NA,1163,12,CAR
47,Male,"Highly skilled",OWN,little,moderate,1209,6,CAR
52,Male,Skilled,OWN,little,NA,3077,12,RADIO/TV
62,Female,Skilled,FREE,little,NA,3757,24,CAR
35,Male,"Unskilled and Resident",RENT,moderate,NA,1418,10,CAR
26,Male,Skilled,RENT,little,NA,3518,6,CAR
26,Male,Skilled,OWN,little,NA,1934,12,RADIO/TV
42,Female,"Highly skilled",FREE,little,moderate,8318,27,BUSINESS
27,Female,Skilled,OWN,moderate,NA,1237,6,RADIO/TV
38,Male,Skilled,OWN,NA,moderate,368,6,RADIO/TV
39,Male,"Unskilled and Resident",RENT,little,little,2122,12,CAR
20,Male,Skilled,OWN,NA,little,2996,24,FURNITURE/EQUIPMENT
29,Male,"Highly skilled",RENT,moderate,moderate,9034,36,FURNITURE/EQUIPMENT
40,Male,Skilled,OWN,little,NA,1585,24,FURNITURE/EQUIPMENT
32,Male,"Unskilled and Resident",OWN,little,moderate,1301,18,RADIO/TV
28,Male,Skilled,OWN,moderate,rich,1323,6,CAR
27,Female,Skilled,OWN,little,little,3123,24,CAR
42,Male,Skilled,FREE,little,little,5493,36,CAR
49,Male,Skilled,OWN,moderate,rich,1126,9,RADIO/TV
38,Male,Skilled,OWN,moderate,moderate,1216,24,RADIO/TV
24,Female,Skilled,RENT,little,little,1207,24,CAR
27,Male,"Unskilled and Resident",OWN,NA,NA,1309,10,CAR
36,Male,Skilled,OWN,"quite rich",rich,2360,15,CAR
34,Male,"Highly skilled",OWN,moderate,moderate,6850,15,CAR
28,Male,Skilled,OWN,little,NA,1413,24,RADIO/TV
45,Male,"Highly skilled",OWN,moderate,NA,8588,39,CAR
26,Male,Skilled,OWN,little,little,759,12,CAR
32,Male,"Highly skilled",FREE,little,NA,4686,36,CAR
26,Male,Skilled,RENT,little,rich,2687,15,BUSINESS
20,Male,Skilled,RENT,little,moderate,585,12,RADIO/TV
54,Male,Skilled,OWN,NA,NA,2255,24,CAR
37,Female,Skilled,OWN,little,little,609,6,CAR
40,Male,"Unskilled and Resident",OWN,little,little,1361,6,CAR
23,Female,Skilled,RENT,little,NA,7127,36,FURNITURE/EQUIPMENT
43,Male,Skilled,OWN,moderate,little,1203,6,CAR
36,Male,Skilled,FREE,NA,NA,700,6,RADIO/TV
44,Male,Skilled,FREE,little,NA,5507,24,REPAIRS
24,Female,Skilled,OWN,little,little,3190,18,RADIO/TV
53,Male,Skilled,FREE,little,little,7119,48,FURNITURE/EQUIPMENT
23,Female,Skilled,OWN,moderate,NA,3488,24,CAR
26,Female,"Unskilled and Resident",OWN,little,moderate,1113,18,RADIO/TV
30,Male,Skilled,OWN,little,moderate,7966,26,CAR
31,Female,Skilled,OWN,moderate,NA,1532,15,EDUCATION
42,Male,"Unskilled and Resident",OWN,little,NA,1503,4,RADIO/TV
31,Male,Skilled,RENT,little,little,2302,36,RADIO/TV
41,Male,"Unskilled and Resident",OWN,little,little,662,6,CAR
32,Male,Skilled,OWN,little,moderate,2273,36,EDUCATION
28,Female,Skilled,RENT,moderate,moderate,2631,15,CAR
41,Male,Skilled,RENT,little,NA,1503,12,CAR
26,Male,Skilled,OWN,moderate,NA,1311,24,RADIO/TV
25,Male,Skilled,OWN,NA,NA,3105,24,RADIO/TV
33,Male,Skilled,RENT,little,rich,2319,21,EDUCATION
75,Female,"Highly skilled",OWN,NA,little,1374,6,CAR
37,Female,Skilled,OWN,little,moderate,3612,18,FURNITURE/EQUIPMENT
42,Male,"Highly skilled",FREE,little,little,7763,48,CAR
45,Female,"Unskilled and Resident",OWN,little,rich,3049,18,FURNITURE/EQUIPMENT
23,Male,Skilled,RENT,little,moderate,1534,12,RADIO/TV
60,Male,Skilled,FREE,little,NA,2032,24,CAR
31,Male,Skilled,OWN,NA,little,6350,30,FURNITURE/EQUIPMENT
34,Male,"Unskilled and Resident",OWN,little,rich,2864,18,FURNITURE/EQUIPMENT
61,Male,"Unskilled and Resident",OWN,little,NA,1255,12,CAR
43,Male,Skilled,FREE,little,little,1333,24,CAR
37,Female,Skilled,OWN,little,NA,2022,24,CAR
32,Male,Skilled,OWN,little,NA,1552,24,RADIO/TV
24,Female,"Unskilled and Resident",OWN,little,little,626,12,RADIO/TV
35,Male,Skilled,FREE,NA,NA,8858,48,CAR
23,Female,Skilled,OWN,NA,NA,996,12,REPAIRS
45,Male,"Unskilled and Resident",OWN,"quite rich",NA,1750,6,RADIO/TV
34,Male,Skilled,OWN,little,little,6999,48,RADIO/TV
27,Male,Skilled,OWN,moderate,moderate,1995,12,CAR
67,Female,"Highly skilled",OWN,little,moderate,1199,9,EDUCATION
22,Male,Skilled,OWN,little,moderate,1331,12,RADIO/TV
28,Female,Skilled,OWN,moderate,moderate,2278,18,CAR
29,Female,Skilled,OWN,NA,NA,5003,21,CAR
27,Male,Skilled,OWN,little,little,3552,24,FURNITURE/EQUIPMENT
31,Male,"Unskilled and Resident",OWN,little,moderate,1928,18,FURNITURE/EQUIPMENT
49,Male,Skilled,FREE,NA,little,2964,24,CAR
24,Male,"Unskilled and Resident",RENT,little,little,1546,24,RADIO/TV
29,Female,Skilled,OWN,little,rich,683,6,RADIO/TV
37,Male,Skilled,FREE,NA,moderate,12389,36,CAR
37,Male,"Highly skilled",OWN,NA,moderate,4712,24,BUSINESS
23,Female,Skilled,RENT,moderate,moderate,1553,24,RADIO/TV
36,Male,Skilled,OWN,little,little,1372,12,CAR
34,Male,Skilled,OWN,rich,NA,2578,24,RADIO/TV
41,Male,Skilled,OWN,NA,moderate,3979,48,RADIO/TV
31,Female,Skilled,OWN,little,little,6758,48,RADIO/TV
23,Female,"Unskilled and Resident",RENT,little,little,3234,24,FURNITURE/EQUIPMENT
38,Male,Skilled,OWN,little,NA,5954,30,RADIO/TV
26,Female,"Highly skilled",RENT,NA,NA,5433,24,CAR
22,Female,"Unskilled and Resident",OWN,little,little,806,15,BUSINESS
27,Male,"Unskilled and Resident",OWN,little,moderate,1082,9,RADIO/TV
24,Female,Skilled,OWN,little,NA,2788,15,FURNITURE/EQUIPMENT
27,Female,Skilled,OWN,little,moderate,2930,12,RADIO/TV
33,Female,Skilled,OWN,NA,NA,1927,24,EDUCATION
27,Male,Skilled,OWN,little,moderate,2820,36,CAR
27,Male,"Unskilled and Resident",OWN,little,NA,937,24,EDUCATION
30,Male,Skilled,OWN,little,moderate,1056,18,CAR
49,Male,"Unskilled and Resident",OWN,little,moderate,3124,12,CAR
26,Female,Skilled,RENT,little,NA,1388,9,FURNITURE/EQUIPMENT
33,Male,"Unskilled and Resident",RENT,little,moderate,2384,36,REPAIRS
52,Female,"Highly skilled",FREE,NA,NA,2133,12,CAR
20,Female,Skilled,RENT,little,little,2039,18,FURNITURE/EQUIPMENT
36,Male,Skilled,RENT,little,little,2799,9,CAR
21,Male,"Unskilled and Resident",OWN,little,little,1289,12,FURNITURE/EQUIPMENT
47,Male,"Unskilled and Resident",OWN,little,little,1217,18,"DOMESTIC APPLIANCES"
60,Male,Skilled,OWN,little,little,2246,12,FURNITURE/EQUIPMENT
58,Female,"Unskilled and Resident",OWN,little,little,385,12,RADIO/TV
42,Female,Skilled,RENT,NA,moderate,1965,24,CAR
36,Female,"Unskilled and Resident",OWN,rich,NA,1572,21,BUSINESS
20,Female,"Unskilled and Resident",RENT,little,moderate,2718,24,CAR
40,Male,"Highly skilled",OWN,NA,little,1358,24,VACATION/OTHERS
32,Female,"Unskilled and Resident",OWN,moderate,moderate,931,6,CAR
23,Female,Skilled,RENT,little,little,1442,24,CAR
36,Male,"Unskilled and Resident",OWN,little,moderate,4241,24,BUSINESS
31,Male,Skilled,OWN,little,NA,2775,18,CAR
32,Male,Skilled,FREE,little,NA,3863,24,BUSINESS
45,Female,Skilled,OWN,little,moderate,2329,7,RADIO/TV
30,Female,Skilled,OWN,little,moderate,918,9,FURNITURE/EQUIPMENT
34,Female,"Unskilled and Resident",FREE,little,moderate,1837,24,EDUCATION
28,Female,"Highly skilled",OWN,little,NA,3349,36,FURNITURE/EQUIPMENT
23,Female,Skilled,OWN,little,rich,1275,10,FURNITURE/EQUIPMENT
22,Male,Skilled,OWN,"quite rich",little,2828,24,FURNITURE/EQUIPMENT
74,Male,"Highly skilled",OWN,little,NA,4526,24,BUSINESS
50,Female,Skilled,FREE,moderate,moderate,2671,36,RADIO/TV
33,Male,Skilled,OWN,little,NA,2051,18,RADIO/TV
45,Male,Skilled,FREE,NA,NA,1300,15,CAR
22,Female,Skilled,OWN,moderate,little,741,12,"DOMESTIC APPLIANCES"
48,Female,"Unskilled and Resident",FREE,moderate,rich,1240,10,CAR
29,Female,Skilled,OWN,rich,little,3357,21,RADIO/TV
22,Female,Skilled,RENT,little,little,3632,24,CAR
22,Female,Skilled,OWN,little,NA,1808,18,FURNITURE/EQUIPMENT
48,Male,"Highly skilled",OWN,NA,moderate,12204,48,BUSINESS
27,Male,"Highly skilled",FREE,NA,moderate,9157,60,RADIO/TV
37,Male,Skilled,RENT,little,little,3676,6,CAR
21,Female,Skilled,RENT,moderate,moderate,3441,30,FURNITURE/EQUIPMENT
49,Male,"Unskilled and Resident",OWN,little,NA,640,12,CAR
27,Male,Skilled,OWN,little,moderate,3652,21,BUSINESS
32,Male,Skilled,OWN,little,NA,1530,18,CAR
38,Male,Skilled,OWN,NA,NA,3914,48,BUSINESS
22,Female,Skilled,RENT,little,little,1858,12,FURNITURE/EQUIPMENT
65,Male,Skilled,FREE,little,little,2600,18,RADIO/TV
35,Male,Skilled,OWN,NA,NA,1979,15,RADIO/TV
41,Male,Skilled,OWN,little,rich,2116,6,FURNITURE/EQUIPMENT
29,Male,Skilled,OWN,moderate,moderate,1437,9,CAR
36,Male,Skilled,OWN,"quite rich",NA,4042,42,FURNITURE/EQUIPMENT
64,Male,"Unskilled and Resident",OWN,NA,NA,3832,9,EDUCATION
28,Female,Skilled,OWN,little,little,3660,24,RADIO/TV
44,Male,Skilled,OWN,little,little,1553,18,FURNITURE/EQUIPMENT
23,Male,Skilled,OWN,NA,moderate,1444,15,RADIO/TV
19,Female,Skilled,RENT,little,NA,1980,9,FURNITURE/EQUIPMENT
25,Female,"Unskilled and Resident",OWN,little,moderate,1355,24,CAR
47,Male,Skilled,OWN,little,NA,1393,12,EDUCATION
28,Female,Skilled,OWN,"quite rich",NA,1376,24,RADIO/TV
21,Male,Skilled,OWN,little,NA,15653,60,RADIO/TV
34,Female,Skilled,OWN,little,NA,1493,12,RADIO/TV
26,Male,Skilled,OWN,little,little,4370,42,RADIO/TV
27,Female,"Unskilled and Non-resident",OWN,little,little,750,18,EDUCATION
38,Male,"Unskilled and Resident",OWN,little,moderate,1308,15,REPAIRS
40,Male,"Highly skilled",OWN,moderate,NA,4623,15,EDUCATION
33,Male,Skilled,OWN,little,NA,1851,24,RADIO/TV
32,Male,"Highly skilled",OWN,little,little,1880,18,RADIO/TV
27,Male,Skilled,RENT,NA,NA,7980,36,BUSINESS
32,Male,Skilled,OWN,little,little,4583,30,FURNITURE/EQUIPMENT
26,Female,Skilled,OWN,"quite rich",NA,1386,12,CAR
38,Male,Skilled,FREE,little,rich,947,24,CAR
40,Male,"Unskilled and Resident",RENT,little,little,684,12,EDUCATION
50,Male,"Highly skilled",FREE,little,little,7476,48,EDUCATION
37,Male,"Unskilled and Resident",OWN,little,moderate,1922,12,FURNITURE/EQUIPMENT
45,Male,Skilled,OWN,little,little,2303,24,CAR
42,Male,"Highly skilled",OWN,moderate,moderate,8086,36,CAR
35,Male,Skilled,OWN,little,NA,2346,24,CAR
22,Male,Skilled,FREE,little,little,3973,14,CAR
41,Male,"Unskilled and Resident",OWN,little,moderate,888,12,CAR
37,Male,Skilled,OWN,NA,NA,10222,48,RADIO/TV
28,Female,Skilled,OWN,little,moderate,4221,30,BUSINESS
41,Male,Skilled,OWN,little,moderate,6361,18,FURNITURE/EQUIPMENT
23,Male,Skilled,RENT,little,rich,1297,12,RADIO/TV
23,Male,Skilled,OWN,NA,little,900,12,CAR
50,Male,Skilled,OWN,little,NA,2241,21,FURNITURE/EQUIPMENT
35,Male,"Highly skilled",OWN,little,moderate,1050,6,FURNITURE/EQUIPMENT
50,Female,"Unskilled and Resident",OWN,little,rich,1047,6,EDUCATION
27,Male,"Highly skilled",OWN,little,NA,6314,24,VACATION/OTHERS
34,Male,Skilled,OWN,rich,moderate,3496,30,FURNITURE/EQUIPMENT
27,Female,Skilled,OWN,little,NA,3609,48,BUSINESS
43,Male,Skilled,RENT,little,little,4843,12,CAR
47,Male,Skilled,OWN,little,rich,3017,30,RADIO/TV
27,Male,"Unskilled and Resident",OWN,moderate,NA,4139,24,BUSINESS
31,Male,Skilled,OWN,moderate,NA,5742,36,BUSINESS
42,Male,"Highly skilled",OWN,little,NA,10366,60,CAR
24,Male,Skilled,OWN,"quite rich",NA,2080,6,CAR
41,Male,"Unskilled and Resident",OWN,"quite rich",NA,2580,21,BUSINESS
26,Female,"Highly skilled",RENT,little,NA,4530,30,RADIO/TV
33,Male,Skilled,OWN,little,NA,5150,24,FURNITURE/EQUIPMENT
24,Male,Skilled,OWN,moderate,moderate,5595,72,RADIO/TV
64,Male,"Unskilled and Resident",RENT,little,little,2384,24,RADIO/TV
26,Female,Skilled,OWN,little,NA,1453,18,RADIO/TV
56,Female,Skilled,OWN,little,NA,1538,6,EDUCATION
37,Male,Skilled,FREE,NA,NA,2279,12,RADIO/TV
33,Male,Skilled,OWN,little,NA,1478,15,RADIO/TV
47,Male,Skilled,FREE,little,NA,5103,24,RADIO/TV
31,Male,"Unskilled and Resident",OWN,moderate,moderate,9857,36,BUSINESS
34,Male,Skilled,FREE,NA,NA,6527,60,CAR
27,Male,Skilled,OWN,NA,rich,1347,10,RADIO/TV
30,Male,Skilled,FREE,moderate,moderate,2862,36,CAR
35,Male,Skilled,OWN,moderate,NA,2753,9,RADIO/TV
31,Male,Skilled,OWN,rich,little,3651,12,CAR
25,Male,Skilled,OWN,little,little,975,15,FURNITURE/EQUIPMENT
25,Female,"Unskilled and Resident",OWN,moderate,moderate,2631,15,REPAIRS
29,Male,Skilled,OWN,moderate,moderate,2896,24,RADIO/TV
44,Male,"Unskilled and Resident",OWN,NA,little,4716,6,CAR
28,Male,Skilled,OWN,little,NA,2284,24,RADIO/TV
50,Male,Skilled,RENT,"quite rich",NA,1236,6,CAR
29,Male,Skilled,OWN,little,moderate,1103,12,RADIO/TV
38,Female,"Unskilled and Non-resident",OWN,little,NA,926,12,CAR
24,Male,Skilled,OWN,little,NA,1800,18,RADIO/TV
40,Male,"Highly skilled",RENT,little,rich,1905,15,EDUCATION
29,Female,"Unskilled and Resident",RENT,"quite rich",NA,1123,12,FURNITURE/EQUIPMENT
46,Male,Skilled,FREE,little,little,6331,48,CAR
47,Female,Skilled,FREE,moderate,rich,1377,24,RADIO/TV
41,Male,Skilled,OWN,moderate,moderate,2503,30,BUSINESS
32,Female,Skilled,OWN,little,moderate,2528,27,BUSINESS
35,Female,Skilled,FREE,"quite rich",NA,5324,15,CAR
24,Male,Skilled,OWN,moderate,moderate,6560,48,CAR
25,Female,Skilled,RENT,little,moderate,2969,12,FURNITURE/EQUIPMENT
25,Female,Skilled,OWN,little,moderate,1206,9,RADIO/TV
37,Male,"Unskilled and Resident",OWN,little,moderate,2118,9,RADIO/TV
32,Male,"Highly skilled",OWN,"quite rich",NA,629,18,RADIO/TV
35,Female,Skilled,FREE,little,little,1198,6,EDUCATION
46,Male,"Highly skilled",OWN,NA,NA,2476,21,CAR
25,Male,"Unskilled and Resident",OWN,little,little,1138,9,RADIO/TV
27,Male,"Highly skilled",OWN,little,moderate,14027,60,CAR
63,Male,Skilled,OWN,NA,NA,7596,30,CAR
40,Male,Skilled,OWN,NA,NA,3077,30,RADIO/TV
32,Male,"Highly skilled",FREE,little,NA,1505,18,RADIO/TV
31,Male,Skilled,OWN,NA,rich,3148,24,RADIO/TV
31,Male,Skilled,OWN,moderate,moderate,6148,20,CAR
34,Male,"Highly skilled",OWN,little,rich,1337,9,RADIO/TV
24,Female,Skilled,RENT,rich,moderate,433,6,EDUCATION
24,Female,"Unskilled and Resident",OWN,little,little,1228,12,CAR
66,Female,"Unskilled and Resident",OWN,"quite rich",moderate,790,9,RADIO/TV
21,Female,Skilled,RENT,little,NA,2570,27,CAR
41,Female,"Unskilled and Resident",OWN,rich,NA,250,6,CAR
47,Male,"Unskilled and Resident",OWN,"quite rich",NA,1316,15,RADIO/TV
25,Female,Skilled,RENT,little,little,1882,18,RADIO/TV
59,Female,Skilled,RENT,little,moderate,6416,48,BUSINESS
36,Male,Skilled,OWN,rich,rich,1275,24,BUSINESS
33,Male,Skilled,OWN,little,moderate,6403,24,RADIO/TV
21,Male,"Unskilled and Resident",RENT,little,little,1987,24,RADIO/TV
44,Female,"Unskilled and Resident",OWN,little,moderate,760,8,RADIO/TV
28,Female,Skilled,RENT,rich,NA,2603,24,CAR
37,Female,Skilled,OWN,little,NA,3380,4,CAR
29,Female,"Unskilled and Non-resident",OWN,NA,moderate,3990,36,"DOMESTIC APPLIANCES"
23,Female,"Highly skilled",RENT,little,moderate,11560,24,CAR
35,Male,"Unskilled and Resident",OWN,moderate,little,4380,18,CAR
45,Male,"Highly skilled",OWN,little,NA,6761,6,CAR
26,Female,"Unskilled and Resident",RENT,moderate,moderate,4280,30,BUSINESS
32,Male,Skilled,OWN,moderate,little,2325,24,CAR
23,Male,"Unskilled and Resident",OWN,little,moderate,1048,10,RADIO/TV
41,Male,Skilled,OWN,NA,NA,3160,21,RADIO/TV
22,Male,Skilled,OWN,"quite rich",little,2483,24,FURNITURE/EQUIPMENT
30,Male,"Highly skilled",OWN,NA,little,14179,39,FURNITURE/EQUIPMENT
28,Male,"Unskilled and Resident",OWN,little,little,1797,13,BUSINESS
23,Female,Skilled,RENT,little,little,2511,15,CAR
37,Female,"Unskilled and Resident",OWN,little,little,1274,12,CAR
26,Male,Skilled,OWN,NA,NA,5248,21,CAR
33,Male,Skilled,OWN,little,NA,3029,15,CAR
49,Female,Skilled,OWN,little,little,428,6,FURNITURE/EQUIPMENT
23,Female,"Unskilled and Resident",OWN,little,little,976,18,CAR
23,Female,"Unskilled and Resident",RENT,moderate,moderate,841,12,BUSINESS
25,Female,Skilled,OWN,little,NA,5771,30,RADIO/TV
55,Male,Skilled,FREE,rich,NA,1555,12,REPAIRS
32,Female,Skilled,RENT,NA,little,1285,24,CAR
74,Male,"Unskilled and Non-resident",OWN,little,rich,1299,6,CAR
39,Male,Skilled,FREE,NA,rich,1271,15,RADIO/TV
31,Male,Skilled,OWN,little,NA,1393,24,CAR
35,Male,Skilled,OWN,little,little,691,12,CAR
59,Female,Skilled,OWN,NA,NA,5045,15,CAR
24,Female,Skilled,RENT,little,little,2124,18,FURNITURE/EQUIPMENT
24,Male,"Unskilled and Resident",OWN,little,little,2214,12,RADIO/TV
30,Male,"Highly skilled",FREE,NA,NA,12680,21,CAR
27,Male,Skilled,OWN,moderate,NA,2463,24,CAR
40,Male,"Unskilled and Resident",OWN,little,moderate,1155,12,RADIO/TV
31,Male,"Unskilled and Resident",OWN,little,little,3108,30,FURNITURE/EQUIPMENT
31,Female,Skilled,RENT,NA,NA,2901,10,CAR
28,Male,Skilled,RENT,little,moderate,3617,12,FURNITURE/EQUIPMENT
63,Male,"Unskilled and Resident",OWN,little,NA,1655,12,RADIO/TV
26,Female,Skilled,RENT,NA,little,2812,24,CAR
25,Female,"Highly skilled",OWN,little,little,8065,36,EDUCATION
36,Male,"Highly skilled",OWN,little,NA,3275,21,CAR
52,Male,Skilled,OWN,moderate,NA,2223,24,RADIO/TV
66,Male,"Unskilled and Non-resident",FREE,"quite rich",rich,1480,12,CAR
25,Female,Skilled,RENT,NA,little,1371,24,CAR
37,Male,Skilled,OWN,little,NA,3535,36,CAR
25,Female,Skilled,OWN,little,little,3509,18,RADIO/TV
38,Male,"Highly skilled",OWN,rich,NA,5711,36,CAR
67,Female,Skilled,OWN,little,moderate,3872,18,REPAIRS
25,Male,Skilled,OWN,little,moderate,4933,39,RADIO/TV
60,Male,Skilled,OWN,rich,NA,1940,24,CAR
31,Male,"Unskilled and Resident",OWN,little,moderate,1410,12,EDUCATION
23,Female,"Unskilled and Resident",OWN,moderate,moderate,836,12,CAR
60,Male,"Highly skilled",OWN,NA,moderate,6468,20,CAR
35,Male,"Unskilled and Resident",OWN,rich,moderate,1941,18,BUSINESS
40,Male,Skilled,OWN,"quite rich",NA,2675,22,RADIO/TV
38,Male,Skilled,OWN,NA,NA,2751,48,CAR
50,Male,Skilled,FREE,little,moderate,6224,48,EDUCATION
27,Male,Skilled,OWN,little,little,5998,40,EDUCATION
39,Female,Skilled,OWN,little,moderate,1188,21,BUSINESS
41,Male,"Highly skilled",OWN,NA,NA,6313,24,CAR
27,Male,Skilled,OWN,NA,NA,1221,6,FURNITURE/EQUIPMENT
51,Male,Skilled,FREE,little,rich,2892,24,FURNITURE/EQUIPMENT
32,Male,Skilled,RENT,"quite rich",NA,3062,24,FURNITURE/EQUIPMENT
22,Female,Skilled,RENT,moderate,NA,2301,9,FURNITURE/EQUIPMENT
51,Male,Skilled,FREE,NA,little,7511,18,CAR
22,Female,"Unskilled and Resident",RENT,little,NA,1258,12,FURNITURE/EQUIPMENT
54,Male,Skilled,OWN,NA,NA,717,24,CAR
35,Male,"Unskilled and Non-resident",OWN,NA,moderate,1549,9,CAR
54,Male,Skilled,FREE,little,NA,1597,24,EDUCATION
48,Female,"Unskilled and Resident",RENT,little,moderate,1795,18,RADIO/TV
24,Female,Skilled,OWN,little,little,4272,20,FURNITURE/EQUIPMENT
35,Male,Skilled,OWN,NA,NA,976,12,RADIO/TV
24,Female,"Unskilled and Non-resident",RENT,NA,moderate,7472,12,CAR
24,Male,Skilled,OWN,little,little,9271,36,CAR
26,Male,"Unskilled and Resident",OWN,little,moderate,590,6,RADIO/TV
65,Male,Skilled,OWN,NA,NA,930,12,RADIO/TV
55,Male,"Highly skilled",FREE,little,moderate,9283,42,CAR
26,Female,"Unskilled and Non-resident",RENT,little,moderate,1778,15,CAR
26,Male,Skilled,OWN,little,moderate,907,8,BUSINESS
28,Male,"Unskilled and Resident",OWN,little,moderate,484,6,RADIO/TV
24,Male,Skilled,OWN,little,little,9629,36,CAR
54,Male,Skilled,OWN,little,little,3051,48,"DOMESTIC APPLIANCES"
46,Male,Skilled,FREE,little,little,3931,48,CAR
54,Female,Skilled,RENT,little,moderate,7432,36,CAR
62,Male,Skilled,OWN,"quite rich",NA,1338,6,"DOMESTIC APPLIANCES"
24,Female,Skilled,RENT,little,NA,1554,6,RADIO/TV
43,Male,"Highly skilled",OWN,little,little,15857,36,VACATION/OTHERS
26,Male,Skilled,OWN,little,little,1345,18,RADIO/TV
27,Male,Skilled,OWN,little,NA,1101,12,CAR
24,Male,Skilled,OWN,little,rich,3016,12,RADIO/TV
41,Male,Skilled,OWN,little,little,2712,36,FURNITURE/EQUIPMENT
47,Male,"Unskilled and Resident",OWN,little,little,731,8,CAR
35,Male,"Highly skilled",OWN,little,NA,3780,18,FURNITURE/EQUIPMENT
30,Male,Skilled,OWN,little,little,1602,21,CAR
33,Female,Skilled,RENT,little,little,3966,18,CAR
36,Male,Skilled,OWN,little,NA,4165,18,BUSINESS
47,Male,Skilled,FREE,NA,little,8335,36,CAR
38,Male,Skilled,FREE,NA,moderate,6681,48,BUSINESS
44,Male,Skilled,OWN,"quite rich",NA,2375,24,BUSINESS
23,Female,Skilled,RENT,little,little,1216,18,CAR
29,Male,Skilled,RENT,little,little,11816,45,BUSINESS
42,Female,Skilled,OWN,NA,moderate,5084,24,RADIO/TV
25,Female,"Unskilled and Resident",OWN,little,rich,2327,15,RADIO/TV
48,Male,Skilled,OWN,little,little,1082,12,CAR
21,Female,Skilled,OWN,NA,NA,886,12,RADIO/TV
23,Female,"Unskilled and Resident",RENT,little,NA,601,4,FURNITURE/EQUIPMENT
63,Male,Skilled,OWN,little,little,2957,24,CAR
46,Male,Skilled,OWN,little,NA,2611,24,RADIO/TV
29,Male,Skilled,OWN,little,little,5179,36,FURNITURE/EQUIPMENT
28,Male,"Unskilled and Resident",OWN,little,NA,2993,21,CAR
23,Female,Skilled,OWN,little,NA,1943,18,REPAIRS
50,Male,Skilled,OWN,little,NA,1559,24,BUSINESS
47,Male,Skilled,OWN,little,NA,3422,18,FURNITURE/EQUIPMENT
35,Male,Skilled,OWN,NA,moderate,3976,21,FURNITURE/EQUIPMENT
68,Male,Skilled,RENT,NA,NA,6761,18,CAR
28,Male,Skilled,OWN,little,NA,1249,24,CAR
59,Male,Skilled,OWN,little,little,1364,9,RADIO/TV
57,Male,"Unskilled and Resident",OWN,little,little,709,12,RADIO/TV
33,Male,Skilled,RENT,little,little,2235,20,CAR
43,Male,Skilled,OWN,NA,NA,4042,24,CAR
35,Male,Skilled,FREE,little,NA,1471,15,RADIO/TV
32,Male,"Unskilled and Resident",FREE,little,little,1442,18,CAR
45,Male,Skilled,OWN,little,NA,10875,36,CAR
33,Male,Skilled,OWN,moderate,NA,1474,24,CAR
40,Female,Skilled,OWN,NA,NA,894,10,EDUCATION
28,Male,Skilled,FREE,little,NA,3343,15,FURNITURE/EQUIPMENT
29,Female,Skilled,OWN,little,little,3959,15,CAR
26,Male,Skilled,RENT,moderate,NA,3577,9,CAR
27,Male,Skilled,OWN,rich,NA,5804,24,CAR
28,Male,Skilled,OWN,little,NA,2169,18,BUSINESS
35,Female,Skilled,OWN,little,little,2439,24,RADIO/TV
32,Male,"Unskilled and Resident",OWN,rich,NA,4526,27,FURNITURE/EQUIPMENT
25,Male,"Unskilled and Resident",RENT,little,NA,2210,10,FURNITURE/EQUIPMENT
20,Female,Skilled,RENT,"quite rich",NA,2221,15,FURNITURE/EQUIPMENT
27,Female,Skilled,OWN,little,little,2389,18,RADIO/TV
42,Male,Skilled,OWN,little,NA,3331,12,FURNITURE/EQUIPMENT
37,Male,Skilled,OWN,NA,NA,7409,36,BUSINESS
24,Female,Skilled,RENT,little,little,652,12,FURNITURE/EQUIPMENT
40,Female,Skilled,OWN,"quite rich",NA,7678,36,FURNITURE/EQUIPMENT
46,Male,Skilled,OWN,little,rich,1343,6,CAR
26,Male,Skilled,OWN,moderate,little,1382,24,BUSINESS
24,Female,Skilled,OWN,NA,NA,874,15,"DOMESTIC APPLIANCES"
29,Male,"Unskilled and Resident",OWN,little,little,3590,12,FURNITURE/EQUIPMENT
40,Female,Skilled,OWN,rich,moderate,1322,11,CAR
36,Male,"Highly skilled",FREE,little,little,1940,18,RADIO/TV
28,Male,Skilled,OWN,little,NA,3595,36,RADIO/TV
27,Male,"Highly skilled",FREE,little,little,1422,9,CAR
36,Male,Skilled,OWN,NA,NA,6742,30,RADIO/TV
38,Male,"Highly skilled",OWN,little,NA,7814,24,CAR
48,Male,Skilled,FREE,NA,NA,9277,24,CAR
36,Male,Skilled,OWN,NA,moderate,2181,30,CAR
65,Female,"Unskilled and Non-resident",OWN,little,NA,1098,18,RADIO/TV
43,Male,Skilled,OWN,little,moderate,4057,24,FURNITURE/EQUIPMENT
53,Female,Skilled,OWN,little,little,795,12,EDUCATION
34,Male,Skilled,OWN,NA,moderate,2825,24,BUSINESS
23,Male,Skilled,OWN,little,moderate,15672,48,BUSINESS
34,Male,"Highly skilled",OWN,little,NA,6614,36,CAR
40,Male,Skilled,RENT,NA,NA,7824,28,CAR
43,Male,"Highly skilled",OWN,little,little,2442,27,BUSINESS
46,Male,Skilled,OWN,little,NA,1829,15,RADIO/TV
38,Male,"Unskilled and Resident",OWN,little,little,2171,12,CAR
34,Male,Skilled,OWN,little,moderate,5800,36,CAR
29,Male,Skilled,OWN,NA,NA,1169,18,RADIO/TV
31,Male,"Highly skilled",OWN,NA,NA,8947,36,CAR
28,Female,"Highly skilled",RENT,little,little,2606,21,RADIO/TV
35,Female,Skilled,OWN,rich,NA,1592,12,FURNITURE/EQUIPMENT
33,Female,"Unskilled and Resident",RENT,NA,NA,2186,15,FURNITURE/EQUIPMENT
42,Male,Skilled,OWN,little,little,4153,18,FURNITURE/EQUIPMENT
43,Male,Skilled,RENT,little,little,2625,16,CAR
44,Male,Skilled,OWN,NA,NA,3485,20,CAR
42,Male,Skilled,FREE,NA,NA,10477,36,CAR
40,Male,Skilled,RENT,NA,NA,1386,15,RADIO/TV
36,Male,"Highly skilled",OWN,little,NA,1278,24,RADIO/TV
20,Male,"Highly skilled",RENT,little,little,1107,12,RADIO/TV
24,Male,"Unskilled and Resident",OWN,NA,little,3763,21,CAR
27,Male,Skilled,OWN,NA,moderate,3711,36,EDUCATION
46,Female,"Unskilled and Resident",OWN,little,NA,3594,15,CAR
33,Female,"Unskilled and Resident",OWN,NA,moderate,3195,9,CAR
34,Female,Skilled,OWN,little,NA,4454,36,RADIO/TV
25,Female,"Unskilled and Resident",OWN,little,moderate,4736,24,FURNITURE/EQUIPMENT
25,Female,Skilled,OWN,NA,moderate,2991,30,RADIO/TV
28,Male,Skilled,OWN,rich,NA,2142,11,BUSINESS
31,Male,Skilled,RENT,little,little,3161,24,BUSINESS
32,Female,"Highly skilled",OWN,little,moderate,18424,48,VACATION/OTHERS
32,Male,Skilled,OWN,moderate,NA,2848,10,CAR
68,Male,"Highly skilled",OWN,little,little,14896,6,CAR
33,Male,Skilled,OWN,moderate,little,2359,24,FURNITURE/EQUIPMENT
39,Male,"Highly skilled",RENT,little,little,3345,24,FURNITURE/EQUIPMENT
28,Female,Skilled,OWN,little,NA,1817,18,FURNITURE/EQUIPMENT
37,Male,"Highly skilled",OWN,"quite rich",NA,12749,48,RADIO/TV
22,Female,Skilled,RENT,little,little,1366,9,RADIO/TV
30,Male,Skilled,RENT,little,moderate,2002,12,CAR
55,Male,Skilled,OWN,little,little,6872,24,FURNITURE/EQUIPMENT
46,Male,Skilled,OWN,little,little,697,12,CAR
21,Female,Skilled,RENT,little,little,1049,18,FURNITURE/EQUIPMENT
39,Male,Skilled,FREE,little,little,10297,48,CAR
58,Male,Skilled,OWN,NA,NA,1867,30,RADIO/TV
43,Male,"Unskilled and Resident",OWN,little,little,1344,12,CAR
24,Male,"Unskilled and Resident",OWN,little,little,1747,24,FURNITURE/EQUIPMENT
22,Female,Skilled,OWN,little,moderate,1670,9,RADIO/TV
30,Male,Skilled,OWN,little,NA,1224,9,CAR
42,Male,Skilled,OWN,"quite rich",NA,522,12,RADIO/TV
23,Female,Skilled,OWN,little,little,1498,12,RADIO/TV
30,Male,"Highly skilled",OWN,moderate,moderate,1919,30,RADIO/TV
28,Female,"Unskilled and Resident",OWN,little,rich,745,9,RADIO/TV
30,Male,"Highly skilled",RENT,little,moderate,2063,6,RADIO/TV
42,Male,Skilled,FREE,little,moderate,6288,60,EDUCATION
46,Male,"Highly skilled",OWN,NA,NA,6842,24,CAR
45,Male,"Highly skilled",OWN,NA,NA,3527,12,CAR
31,Male,"Unskilled and Resident",OWN,little,NA,1546,10,CAR
31,Male,Skilled,OWN,NA,NA,929,24,FURNITURE/EQUIPMENT
42,Male,"Unskilled and Resident",OWN,little,NA,1455,4,CAR
46,Female,Skilled,RENT,little,little,1845,15,FURNITURE/EQUIPMENT
30,Female,Skilled,OWN,"quite rich",moderate,8358,48,CAR
30,Male,Skilled,FREE,"quite rich",little,3349,24,FURNITURE/EQUIPMENT
38,Male,"Highly skilled",OWN,NA,NA,2859,12,CAR
43,Male,"Unskilled and Resident",OWN,little,NA,1533,18,FURNITURE/EQUIPMENT
31,Male,Skilled,OWN,moderate,NA,3621,24,RADIO/TV
40,Male,"Unskilled and Non-resident",OWN,little,moderate,3590,18,BUSINESS
24,Male,Skilled,OWN,little,little,2145,36,BUSINESS
28,Female,Skilled,RENT,"quite rich",moderate,4113,24,CAR
26,Female,"Highly skilled",OWN,little,NA,10974,36,FURNITURE/EQUIPMENT
29,Female,Skilled,OWN,little,little,1893,12,CAR
57,Female,"Highly skilled",RENT,rich,little,1231,24,RADIO/TV
49,Male,"Unskilled and Resident",OWN,NA,rich,3656,30,RADIO/TV
37,Male,"Unskilled and Resident",OWN,little,moderate,1154,9,RADIO/TV
45,Male,"Unskilled and Resident",OWN,little,little,4006,28,CAR
30,Male,Skilled,FREE,moderate,moderate,3069,24,FURNITURE/EQUIPMENT
30,Male,Skilled,RENT,little,NA,1740,6,RADIO/TV
47,Male,Skilled,OWN,little,moderate,2353,21,CAR
29,Male,Skilled,OWN,NA,NA,3556,15,CAR
35,Male,Skilled,OWN,"quite rich",NA,2397,24,RADIO/TV
22,Male,"Unskilled and Resident",OWN,little,moderate,454,6,REPAIRS
26,Female,Skilled,OWN,NA,moderate,1715,30,RADIO/TV
23,Male,"Unskilled and Resident",OWN,"quite rich",moderate,2520,27,RADIO/TV
54,Female,"Highly skilled",RENT,little,NA,3568,15,RADIO/TV
29,Male,Skilled,RENT,NA,NA,7166,42,RADIO/TV
40,Male,"Unskilled and Resident",OWN,little,little,3939,11,CAR
22,Male,Skilled,OWN,moderate,moderate,1514,15,REPAIRS
43,Male,"Unskilled and Resident",OWN,little,NA,7393,24,CAR
29,Female,"Unskilled and Non-resident",RENT,little,little,1193,24,CAR
36,Male,Skilled,RENT,little,little,7297,60,BUSINESS
33,Female,Skilled,OWN,little,NA,2831,30,RADIO/TV
57,Female,"Unskilled and Resident",OWN,"quite rich",rich,1258,24,RADIO/TV
64,Female,Skilled,OWN,little,moderate,753,6,RADIO/TV
42,Male,Skilled,OWN,NA,moderate,2427,18,BUSINESS
47,Male,"Unskilled and Resident",OWN,little,NA,2538,24,CAR
25,Male,Skilled,RENT,moderate,moderate,1264,15,CAR
49,Male,Skilled,OWN,little,moderate,8386,30,FURNITURE/EQUIPMENT
33,Male,"Highly skilled",RENT,little,NA,4844,48,BUSINESS
28,Female,"Highly skilled",OWN,moderate,rich,2923,21,CAR
26,Male,Skilled,OWN,little,little,8229,36,CAR
30,Male,"Unskilled and Resident",OWN,little,NA,2028,24,FURNITURE/EQUIPMENT
25,Female,Skilled,RENT,little,little,1433,15,FURNITURE/EQUIPMENT
33,Male,Skilled,OWN,little,rich,6289,42,BUSINESS
64,Female,Skilled,OWN,moderate,NA,1409,13,RADIO/TV
29,Male,"Highly skilled",FREE,little,little,6579,24,CAR
48,Male,"Unskilled and Resident",OWN,little,moderate,1743,24,RADIO/TV
37,Male,"Unskilled and Resident",OWN,NA,NA,3565,12,EDUCATION
34,Male,"Unskilled and Resident",OWN,moderate,NA,1569,15,RADIO/TV
23,Male,"Unskilled and Resident",RENT,NA,little,1936,18,RADIO/TV
30,Male,"Highly skilled",OWN,little,little,3959,36,FURNITURE/EQUIPMENT
50,Male,Skilled,OWN,NA,NA,2390,12,CAR
31,Female,"Unskilled and Resident",OWN,little,NA,1736,12,FURNITURE/EQUIPMENT
40,Male,"Highly skilled",OWN,little,little,3857,30,CAR
38,Male,Skilled,OWN,little,NA,804,12,RADIO/TV
23,Male,Skilled,FREE,little,little,1845,45,RADIO/TV
27,Male,Skilled,OWN,moderate,moderate,4576,45,CAR
